<pkgref spec="1.12" uuid="2448F256-3661-4ED0-8936-ECAA112D07AE"><config><identifier>gov.nih.nlm.ncbi.blast</identifier><version>0.1</version><description></description><post-install type="none"/><requireAuthorization/><installFrom relative="true" mod="true">_stage</installFrom><installTo>/</installTo><flags><followSymbolicLinks/><discardResourceForks/></flags><packageStore type="internal"></packageStore><mod>parent</mod><mod>requireAuthorization</mod><mod>relocatable</mod><mod>installFrom.path</mod><mod>installTo</mod><mod>identifier</mod></config></pkgref>
